Interpreter,Algorithm,DataType,Size,Time (s),PeakMemory (MB)
CPython,Bubble,Random,10,0.0002045000437647,0.0001068115234375
CPython,Bubble,Sorted,10,1.4400109648704529e-05,0.0001068115234375
CPython,Bubble,Reversed,10,1.5600118786096573e-05,0.0001068115234375
CPython,Bubble,AlmostSorted,10,1.6300007700920105e-05,0.0001068115234375
CPython,Bubble,Random,500,0.0481805999297648,0.0002250671386718
CPython,Bubble,Sorted,500,0.0241485999431461,0.0002250671386718
CPython,Bubble,Reversed,500,0.0574457999318838,0.0002250671386718
CPython,Bubble,AlmostSorted,500,0.0261016001459211,0.0002250671386718
CPython,Bubble,Random,1000,0.3848496000282466,0.0002555847167968
CPython,Bubble,Sorted,1000,0.1979229000862687,0.0002555847167968
CPython,Bubble,Reversed,1000,0.4519825000315904,0.0002555847167968
CPython,Bubble,AlmostSorted,1000,0.2120437000412494,0.0002555847167968
CPython,Selection,Random,10,1.7999904230237007e-05,0.0001068115234375
CPython,Selection,Sorted,10,1.400010660290718e-05,0.0001068115234375
CPython,Selection,Reversed,10,1.6700010746717453e-05,0.0001068115234375
CPython,Selection,AlmostSorted,10,1.4699995517730711e-05,0.0001068115234375
CPython,Selection,Random,500,0.0329176997765898,0.0002250671386718
CPython,Selection,Sorted,500,0.0323592000640928,0.0002250671386718
CPython,Selection,Reversed,500,0.0328951999545097,0.0002250671386718
CPython,Selection,AlmostSorted,500,0.0322809000499546,0.0002250671386718
CPython,Selection,Random,1000,0.1576857999898493,0.0002555847167968
CPython,Selection,Sorted,1000,0.1559650001581758,0.0002555847167968
CPython,Selection,Reversed,1000,0.1574995000846684,0.0002555847167968
CPython,Selection,AlmostSorted,1000,0.1574822000693529,0.0002555847167968
CPython,Insertion,Random,10,1.24999787658453e-05,7.62939453125e-05
CPython,Insertion,Sorted,10,6.200047209858894e-06,7.62939453125e-05
CPython,Insertion,Reversed,10,6.699934601783752e-06,7.62939453125e-05
CPython,Insertion,AlmostSorted,10,5.299923941493034e-06,7.62939453125e-05
CPython,Insertion,Random,500,0.0220774998888373,0.0001335144042968
CPython,Insertion,Sorted,500,0.0003459998406469,0.0001335144042968
CPython,Insertion,Reversed,500,0.0294170000124722,0.0001335144042968
CPython,Insertion,AlmostSorted,500,0.0015837999526411,0.0001335144042968
CPython,Insertion,Random,1000,0.1547885998152196,0.0001335144042968
CPython,Insertion,Sorted,1000,0.0008157000411301,0.0001335144042968
CPython,Insertion,Reversed,1000,0.2366611000616103,0.0001335144042968
CPython,Insertion,AlmostSorted,1000,0.0107980000320822,0.0001335144042968
CPython,Quick,Random,10,4.220008850097656e-05,0.0003509521484375
CPython,Quick,Sorted,10,2.859998494386673e-05,0.0003662109375
CPython,Quick,Reversed,10,6.350013427436352e-05,0.0003814697265625
CPython,Quick,AlmostSorted,10,2.5300076231360435e-05,0.0003662109375
CPython,Quick,Random,500,0.0014755001757293,0.0186843872070312
CPython,Quick,Sorted,500,0.0013987999409437,0.012054443359375
CPython,Quick,Reversed,500,0.0013321000151336,0.0120773315429687
CPython,Quick,AlmostSorted,500,0.0013115000911056,0.0120773315429687
CPython,Quick,Random,1000,0.0032267000060528,0.0449142456054687
CPython,Quick,Sorted,1000,0.0028196999337524,0.023834228515625
CPython,Quick,Reversed,1000,0.0028007999062538,0.0238571166992187
CPython,Quick,AlmostSorted,1000,0.0029057001229375,0.0241622924804687
CPython,Quick,Random,50000,0.2193197000306099,2.2322006225585938
CPython,Quick,Sorted,50000,0.1705065998248756,1.205780029296875
CPython,Quick,Reversed,50000,0.1700714998878538,1.2058029174804688
CPython,Quick,AlmostSorted,50000,0.1691104001365602,1.2258758544921875
CPython,Quick,Random,1000000,6.1697909000795335,38.291595458984375
CPython,Quick,Sorted,1000000,3.3486782000400126,23.54916381835937
CPython,Quick,Reversed,1000000,3.344388599973172,23.54918670654297
CPython,Quick,AlmostSorted,1000000,3.705092499963939,23.810760498046875
CPython,Merge,Random,10,6.779981777071953e-05,0.0002517700195312
CPython,Merge,Sorted,10,3.820005804300308e-05,0.0002822875976562
CPython,Merge,Reversed,10,2.759997732937336e-05,0.0002822875976562
CPython,Merge,AlmostSorted,10,2.9299873858690265e-05,0.0002822875976562
CPython,Merge,Random,500,0.0015929001383483,0.0080795288085937
CPython,Merge,Sorted,500,0.0013081000652164,0.0095672607421875
CPython,Merge,Reversed,500,0.0015244998503476,0.0095672607421875
CPython,Merge,AlmostSorted,500,0.0016820998862385,0.00872802734375
CPython,Merge,Random,1000,0.0047945999540388,0.016448974609375
CPython,Merge,Sorted,1000,0.0034067998640239,0.019134521484375
CPython,Merge,Reversed,1000,0.0034777999389916,0.019134521484375
CPython,Merge,AlmostSorted,1000,0.0043168999254703,0.0169296264648437
CPython,Merge,Random,50000,0.7844022000208497,0.841583251953125
CPython,Merge,Sorted,50000,0.4355955000501126,0.9537353515625
CPython,Merge,Reversed,50000,0.4479394000954926,0.9537353515625
CPython,Merge,AlmostSorted,50000,0.7726757999043912,0.8426742553710938
CPython,Merge,Random,1000000,24.32111849985085,16.005889892578125
CPython,Merge,Sorted,1000000,12.911056900164112,19.07354736328125
CPython,Merge,Reversed,1000000,12.93520630011335,19.07354736328125
CPython,Merge,AlmostSorted,1000000,23.298858399968594,16.00592041015625
CPython,Heap,Random,10,4.139984957873821e-05,0.0002670288085937
CPython,Heap,Sorted,10,1.9799917936325077e-05,0.0002670288085937
CPython,Heap,Reversed,10,1.300009898841381e-05,0.0002670288085937
CPython,Heap,AlmostSorted,10,1.4699995517730711e-05,0.0002670288085937
CPython,Heap,Random,500,0.0021136000286787,0.0004310607910156
CPython,Heap,Sorted,500,0.0026159998960793,0.0004310607910156
CPython,Heap,Reversed,500,0.0031747000757604,0.0004310607910156
CPython,Heap,AlmostSorted,500,0.0050643000286072,0.0004310607910156
CPython,Heap,Random,1000,0.0090600000694394,0.0004920959472656
CPython,Heap,Sorted,1000,0.0085475998930633,0.0004920959472656
CPython,Heap,Reversed,1000,0.0057888999581336,0.0004920959472656
CPython,Heap,AlmostSorted,1000,0.0080830999650061,0.0004920959472656
CPython,Heap,Random,50000,0.8794664000160992,0.0008583068847656
CPython,Heap,Sorted,50000,1.3912643000949174,0.0008583068847656
CPython,Heap,Reversed,50000,0.7442717000376433,0.0008583068847656
CPython,Heap,AlmostSorted,50000,0.9470042001921684,0.0008583068847656
CPython,Heap,Random,1000000,25.1453931001015,0.0011024475097656
CPython,Heap,Sorted,1000000,24.17330490006134,0.0011024475097656
CPython,Heap,Reversed,1000000,21.609381900168955,0.0011024475097656
CPython,Heap,AlmostSorted,1000000,24.12339519988745,0.0011024475097656
CPython,Counting,Random,10,6.000022403895855e-05,0.0005340576171875
CPython,Counting,Sorted,10,2.119992859661579e-05,0.0003280639648437
CPython,Counting,Reversed,10,1.850002445280552e-05,0.0003280639648437
CPython,Counting,AlmostSorted,10,1.7300015315413475e-05,0.0003280639648437
CPython,Counting,Random,500,0.0015711998566985,0.0202445983886718
CPython,Counting,Sorted,500,0.000931000104174,0.0153541564941406
CPython,Counting,Reversed,500,0.0008111000061035,0.0153541564941406
CPython,Counting,AlmostSorted,500,0.0007442000787705,0.0153541564941406
CPython,Counting,Random,1000,0.0034317001700401,0.0452919006347656
CPython,Counting,Sorted,1000,0.0017562001012265,0.0388526916503906
CPython,Counting,Reversed,1000,0.0019440001342445,0.0388526916503906
CPython,Counting,AlmostSorted,1000,0.001969400094822,0.0388526916503906
CPython,Counting,Random,50000,0.164085199823603,2.3511314392089844
CPython,Counting,Sorted,50000,0.1006825999356806,2.32339859008789
CPython,Counting,Reversed,50000,0.0999964999500662,2.32339859008789
CPython,Counting,AlmostSorted,50000,0.1009190001059323,2.32339859008789
CPython,Counting,Random,1000000,3.4188999000471085,47.37862777709961
CPython,Counting,Sorted,1000000,2.088266700040549,46.19656753540039
CPython,Counting,Reversed,1000000,2.059172100154683,46.19656753540039
CPython,Counting,AlmostSorted,1000000,2.09384740004316,46.19656753540039
CPython,Radix,Random,10,0.000179799972102,0.0006866455078125
CPython,Radix,Sorted,10,2.739997580647469e-05,0.000762939453125
CPython,Radix,Reversed,10,3.300001844763756e-05,0.000762939453125
CPython,Radix,AlmostSorted,10,2.9700109735131264e-05,0.000762939453125
CPython,Radix,Random,500,0.0008486998267471,0.0341949462890625
CPython,Radix,Sorted,500,0.0007535000331699,0.0270843505859375
CPython,Radix,Reversed,500,0.0005934000946581,0.0270843505859375
CPython,Radix,AlmostSorted,500,0.0007197998929768,0.0270843505859375
CPython,Radix,Random,1000,0.0020206000190228,0.0782623291015625
CPython,Radix,Sorted,1000,0.0015179000329226,0.0705718994140625
CPython,Radix,Reversed,1000,0.0015542998444288,0.0705718994140625
CPython,Radix,AlmostSorted,1000,0.0014701001346111,0.0705718994140625
CPython,Radix,Random,50000,0.1326959999278187,4.2903900146484375
CPython,Radix,Sorted,50000,0.1215641000308096,4.2896270751953125
CPython,Radix,Reversed,50000,0.1388448998332023,4.2896270751953125
CPython,Radix,AlmostSorted,50000,0.128529799869284,4.2896270751953125
CPython,Radix,Random,1000000,4.888102500000969,85.09016418457031
CPython,Radix,Sorted,1000000,3.3477185999508947,84.77247619628906
CPython,Radix,Reversed,1000000,3.4397110000718385,84.77247619628906
CPython,Radix,AlmostSorted,1000000,3.50447509996593,84.77247619628906
CPython,Bucket,Random,10,9.779981337487698e-05,0.000396728515625
CPython,Bucket,Sorted,10,4.060007631778717e-05,0.000396728515625
CPython,Bucket,Reversed,10,2.450007013976574e-05,0.000396728515625
CPython,Bucket,AlmostSorted,10,2.4399952962994576e-05,0.000396728515625
CPython,Bucket,Random,500,0.000751000130549,0.009124755859375
CPython,Bucket,Sorted,500,0.000331399962306,0.008514404296875
CPython,Bucket,Reversed,500,0.0006592001300305,0.008514404296875
CPython,Bucket,AlmostSorted,500,0.0003670998848974,0.008514404296875
CPython,Bucket,Random,1000,0.0012646000832319,0.016845703125
CPython,Bucket,Sorted,1000,0.0009101999457925,0.017608642578125
CPython,Bucket,Reversed,1000,0.0017448000144213,0.017608642578125
CPython,Bucket,AlmostSorted,1000,0.000757599947974,0.017608642578125
CPython,Bucket,Random,50000,0.1967742999549955,0.842620849609375
CPython,Bucket,Sorted,50000,0.0369575000368058,0.8299407958984375
CPython,Bucket,Reversed,50000,0.3398656002245843,0.8299407958984375
CPython,Bucket,AlmostSorted,50000,0.052272800123319,0.8299407958984375
CPython,Bucket,Random,1000000,255.0724074000027,16.79153823852539
CPython,Bucket,Sorted,1000000,2.941088699968532,16.354923248291016
CPython,Bucket,Reversed,1000000,385.4254222000018,16.354862213134766
CPython,Bucket,AlmostSorted,1000000,27.262511800043285,16.354923248291016
CPython,Builtin,Random,10,1.5900004655122757e-05,0.0001449584960937
CPython,Builtin,Sorted,10,6.600050255656242e-06,0.0001449584960937
CPython,Builtin,Reversed,10,6.09993003308773e-06,0.0001449584960937
CPython,Builtin,AlmostSorted,10,5.700159817934036e-06,0.0001449584960937
CPython,Builtin,Random,500,4.329998046159744e-05,0.0038833618164062
CPython,Builtin,Sorted,500,5.100155249238014e-06,0.0038833618164062
CPython,Builtin,Reversed,500,1.7799902707338333e-05,0.0038833618164062
CPython,Builtin,AlmostSorted,500,1.3200100511312485e-05,0.0038833618164062
CPython,Builtin,Random,1000,7.16999638825655e-05,0.0114669799804687
CPython,Builtin,Sorted,1000,9.40007157623768e-06,0.0076980590820312
CPython,Builtin,Reversed,1000,7.799826562404633e-06,0.0076980590820312
CPython,Builtin,AlmostSorted,1000,2.4799956008791924e-05,0.0108642578125
CPython,Builtin,Random,50000,0.0051008998416364,0.5721817016601562
CPython,Builtin,Sorted,50000,0.0002077999524772,0.3815383911132812
CPython,Builtin,Reversed,50000,0.0002158000133931,0.3815383911132812
CPython,Builtin,AlmostSorted,50000,0.0010832999832928,0.571075439453125
CPython,Builtin,Random,1000000,0.1853056999389082,11.44390869140625
CPython,Builtin,Sorted,1000000,0.009604400023818,7.629463195800781
CPython,Builtin,Reversed,1000000,0.0113216000609099,7.629463195800781
CPython,Builtin,AlmostSorted,1000000,0.0557335000485181,11.443878173828123
PyPy,Bubble,Random,10,2.1099811419844627e-05,
PyPy,Bubble,Sorted,10,1.3299984857439997e-05,
PyPy,Bubble,Reversed,10,1.9999919459223747e-05,
PyPy,Bubble,AlmostSorted,10,1.2200092896819116e-05,
PyPy,Bubble,Random,500,0.010083100060001,
PyPy,Bubble,Sorted,500,0.0002892001066356,
PyPy,Bubble,Reversed,500,0.0002309998963028,
PyPy,Bubble,AlmostSorted,500,0.0002581998705863,
PyPy,Bubble,Random,1000,0.0008837999776005,
PyPy,Bubble,Sorted,1000,0.0010801998432725,
PyPy,Bubble,Reversed,1000,0.0006401999853551,
PyPy,Bubble,AlmostSorted,1000,0.0009687999263405,
PyPy,Selection,Random,10,1.6700010746717453e-05,
PyPy,Selection,Sorted,10,1.8300022929906845e-05,
PyPy,Selection,Reversed,10,1.8900027498602867e-05,
PyPy,Selection,AlmostSorted,10,1.5199882909655573e-05,
PyPy,Selection,Random,500,0.0024097999557852,
PyPy,Selection,Sorted,500,0.0001383000053465,
PyPy,Selection,Reversed,500,0.0003865999169647,
PyPy,Selection,AlmostSorted,500,0.0001048999838531,
PyPy,Selection,Random,1000,0.0005450998432934,
PyPy,Selection,Sorted,1000,0.0003930001985281,
PyPy,Selection,Reversed,1000,0.001242599915713,
PyPy,Selection,AlmostSorted,1000,0.000486799981445,
PyPy,Insertion,Random,10,2.2399937734007835e-05,
PyPy,Insertion,Sorted,10,6.700167432427406e-06,
PyPy,Insertion,Reversed,10,1.5300000086426735e-05,
PyPy,Insertion,AlmostSorted,10,4.800036549568176e-06,
PyPy,Insertion,Random,500,0.0015813999343663,
PyPy,Insertion,Sorted,500,0.0001764001790434,
PyPy,Insertion,Reversed,500,0.0007258998230099,
PyPy,Insertion,AlmostSorted,500,0.0003354998771101,
PyPy,Insertion,Random,1000,0.0002450000029057,
PyPy,Insertion,Sorted,1000,0.0004403998609632,
PyPy,Insertion,Reversed,1000,0.0004834998399019,
PyPy,Insertion,AlmostSorted,1000,3.0499882996082303e-05,
PyPy,Quick,Random,10,0.0004926999099552,
PyPy,Quick,Sorted,10,2.359994687139988e-05,
PyPy,Quick,Reversed,10,2.4600187316536903e-05,
PyPy,Quick,AlmostSorted,10,2.2500054910779e-05,
PyPy,Quick,Random,500,0.0081826001405715,
PyPy,Quick,Sorted,500,0.0019415998831391,
PyPy,Quick,Reversed,500,0.0013050001580268,
PyPy,Quick,AlmostSorted,500,0.004139999859035,
PyPy,Quick,Random,1000,0.0063660000450909,
PyPy,Quick,Sorted,1000,0.0026295999996364,
PyPy,Quick,Reversed,1000,0.0032601000275462,
PyPy,Quick,AlmostSorted,1000,0.0009169999975711,
PyPy,Quick,Random,50000,0.0538023000117391,
PyPy,Quick,Sorted,50000,0.0147885999176651,
PyPy,Quick,Reversed,50000,0.0146457999944686,
PyPy,Quick,AlmostSorted,50000,0.0151227999012917,
PyPy,Quick,Random,1000000,0.6591079998761415,
PyPy,Quick,Sorted,1000000,0.4609115000348538,
PyPy,Quick,Reversed,1000000,0.397106199990958,
PyPy,Quick,AlmostSorted,1000000,0.4178251000121236,
PyPy,Merge,Random,10,4.3400097638368607e-05,
PyPy,Merge,Sorted,10,2.450007013976574e-05,
PyPy,Merge,Reversed,10,2.8300099074840546e-05,
PyPy,Merge,AlmostSorted,10,2.319994382560253e-05,
PyPy,Merge,Random,500,0.0042905998416244,
PyPy,Merge,Sorted,500,0.005050600040704,
PyPy,Merge,Reversed,500,0.0059544001705944,
PyPy,Merge,AlmostSorted,500,0.0019935998134315,
PyPy,Merge,Random,1000,0.0013751999940723,
PyPy,Merge,Sorted,1000,0.0002691999543458,
PyPy,Merge,Reversed,1000,0.000258200103417,
PyPy,Merge,AlmostSorted,1000,0.0003833000082522,
PyPy,Merge,Random,50000,0.0264828999061137,
PyPy,Merge,Sorted,50000,0.0059499000199139,
PyPy,Merge,Reversed,50000,0.0093183999415487,
PyPy,Merge,AlmostSorted,50000,0.0094158998690545,
PyPy,Merge,Random,1000000,0.3326399000361562,
PyPy,Merge,Sorted,1000000,0.1883398999925702,
PyPy,Merge,Reversed,1000000,0.2444882001727819,
PyPy,Merge,AlmostSorted,1000000,0.2422937001101672,
PyPy,Heap,Random,10,3.4800032153725624e-05,
PyPy,Heap,Sorted,10,3.360002301633358e-05,
PyPy,Heap,Reversed,10,2.9199989512562752e-05,
PyPy,Heap,AlmostSorted,10,3.0800001695752144e-05,
PyPy,Heap,Random,500,0.0114684998989105,
PyPy,Heap,Sorted,500,0.011907699983567,
PyPy,Heap,Reversed,500,0.0132997999899089,
PyPy,Heap,AlmostSorted,500,0.004604100016877,
PyPy,Heap,Random,1000,0.0093086999841034,
PyPy,Heap,Sorted,1000,0.0075369998812675,
PyPy,Heap,Reversed,1000,0.0066216001287102,
PyPy,Heap,AlmostSorted,1000,0.004212100058794,
PyPy,Heap,Random,50000,0.0567417000420391,
PyPy,Heap,Sorted,50000,0.0196002000011503,
PyPy,Heap,Reversed,50000,0.0150492000393569,
PyPy,Heap,AlmostSorted,50000,0.0159887999761849,
PyPy,Heap,Random,1000000,0.4352585999295115,
PyPy,Heap,Sorted,1000000,0.3058337999973446,
PyPy,Heap,Reversed,1000000,0.3437083000317216,
PyPy,Heap,AlmostSorted,1000000,0.3199903999920934,
PyPy,Counting,Random,10,5.570007488131523e-05,
PyPy,Counting,Sorted,10,2.950010821223259e-05,
PyPy,Counting,Reversed,10,1.5700003132224083e-05,
PyPy,Counting,AlmostSorted,10,1.1899974197149277e-05,
PyPy,Counting,Random,500,0.0040273000486195,
PyPy,Counting,Sorted,500,0.0005431999452412,
PyPy,Counting,Reversed,500,0.0006085000932216,
PyPy,Counting,AlmostSorted,500,0.000300700077787,
PyPy,Counting,Random,1000,6.529991514980793e-05,
PyPy,Counting,Sorted,1000,0.0002872000914067,
PyPy,Counting,Reversed,1000,0.0006478999275714,
PyPy,Counting,AlmostSorted,1000,2.9700109735131264e-05,
PyPy,Counting,Random,50000,0.0022009999956935,
PyPy,Counting,Sorted,50000,0.0017751001287251,
PyPy,Counting,Reversed,50000,0.0015241999644786,
PyPy,Counting,AlmostSorted,50000,0.0009702001698315,
PyPy,Counting,Random,1000000,0.0622533001005649,
PyPy,Counting,Sorted,1000000,0.0354724000208079,
PyPy,Counting,Reversed,1000000,0.0403162001166492,
PyPy,Counting,AlmostSorted,1000000,0.0352792998310178,
PyPy,Radix,Random,10,4.970002919435501e-05,
PyPy,Radix,Sorted,10,4.240009002387524e-05,
PyPy,Radix,Reversed,10,2.979999408125877e-05,
PyPy,Radix,AlmostSorted,10,1.9700033590197563e-05,
PyPy,Radix,Random,500,0.0029083001427352,
PyPy,Radix,Sorted,500,0.0002055999357253,
PyPy,Radix,Reversed,500,0.0012732001487165,
PyPy,Radix,AlmostSorted,500,0.0001176998484879,
PyPy,Radix,Random,1000,0.0002009000163525,
PyPy,Radix,Sorted,1000,0.0001556000206619,
PyPy,Radix,Reversed,1000,0.0001700001303106,
PyPy,Radix,AlmostSorted,1000,0.0005405999254435,
PyPy,Radix,Random,50000,0.0055066999047994,
PyPy,Radix,Sorted,50000,0.0053155999630689,
PyPy,Radix,Reversed,50000,0.0137370999436825,
PyPy,Radix,AlmostSorted,50000,0.0033233000431209,
PyPy,Radix,Random,1000000,0.2817255998961627,
PyPy,Radix,Sorted,1000000,0.2565848000813275,
PyPy,Radix,Reversed,1000000,0.2408197000622749,
PyPy,Radix,AlmostSorted,1000000,0.2515966000501066,
PyPy,Bucket,Random,10,7.420009933412075e-05,
PyPy,Bucket,Sorted,10,6.160000339150429e-05,
PyPy,Bucket,Reversed,10,3.560003824532032e-05,
PyPy,Bucket,AlmostSorted,10,3.160000778734684e-05,
PyPy,Bucket,Random,500,0.0020047000143676,
PyPy,Bucket,Sorted,500,0.0003750000614672,
PyPy,Bucket,Reversed,500,0.0048608998768031,
PyPy,Bucket,AlmostSorted,500,0.0008669001981616,
PyPy,Bucket,Random,1000,0.0001952000893652,
PyPy,Bucket,Sorted,1000,0.0001610999461263,
PyPy,Bucket,Reversed,1000,0.0003374998923391,
PyPy,Bucket,AlmostSorted,1000,0.0001678001135587,
PyPy,Bucket,Random,50000,0.0059249999467283,
PyPy,Bucket,Sorted,50000,0.0029728000517934,
PyPy,Bucket,Reversed,50000,0.0079200000036507,
PyPy,Bucket,AlmostSorted,50000,0.0019855999853461,
PyPy,Bucket,Random,1000000,0.2814287999644875,
PyPy,Bucket,Sorted,1000000,0.0449522999115288,
PyPy,Bucket,Reversed,1000000,0.4635465999599546,
PyPy,Bucket,AlmostSorted,1000000,0.0670441000256687,
PyPy,Builtin,Random,10,1.810002140700817e-05,
PyPy,Builtin,Sorted,10,1.8600141629576683e-05,
PyPy,Builtin,Reversed,10,7.200054824352264e-06,
PyPy,Builtin,AlmostSorted,10,5.299923941493034e-06,
PyPy,Builtin,Random,500,0.0009762002155184,
PyPy,Builtin,Sorted,500,5.499925464391708e-06,
PyPy,Builtin,Reversed,500,5.00003807246685e-06,
PyPy,Builtin,AlmostSorted,500,1.4099990949034693e-05,
PyPy,Builtin,Random,1000,6.900005973875523e-05,
PyPy,Builtin,Sorted,1000,8.699949830770493e-06,
PyPy,Builtin,Reversed,1000,6.299931555986404e-06,
PyPy,Builtin,AlmostSorted,1000,2.2700056433677677e-05,
PyPy,Builtin,Random,50000,0.0052581999916583,
PyPy,Builtin,Sorted,50000,0.0001431999262422,
PyPy,Builtin,Reversed,50000,0.0001228998880833,
PyPy,Builtin,AlmostSorted,50000,0.001513399882242,
PyPy,Builtin,Random,1000000,0.1410673998761922,
PyPy,Builtin,Sorted,1000000,0.0078135998919606,
PyPy,Builtin,Reversed,1000000,0.0026739998720586,
PyPy,Builtin,AlmostSorted,1000000,0.0368341000284999,
